<?xml version="1.0" encoding="UTF-8" ?>
<!DOCTYPE mapper
        PUBLIC "-//mybatis.org//DTD Mapper 3.0//EN"
        "http://mybatis.org/dtd/mybatis-3-mapper.dtd">
<!-- namespace：最主要的作用就是绑定mapper.xml与对应那个Mapper接口的关系，要求接口名称为：全限定名 -->
<mapper namespace="com.fdzc.tfxfirstproject.mapper.DeptMapper">
    <!-- DeptVo findDept(Integer id)  -->
    <resultMap id="deptMap" type="com.fdzc.tfxfirstproject.vo.DeptVo">
        <id column="id" property="id"/>
        <result column="dept_name" property="deptName"/>
        <collection property="users" ofType="com.fdzc.tfxfirstproject.entity.User">
            <result column="id" property="deptId"/>
            <result column="u.id" property="id"/>
            <result column="user_name" property="userName"/>
            <result column="password" property="password"/>
        </collection>
    </resultMap>

    <insert id="insertDept" parameterType="com.fdzc.tfxfirstproject.entity.Dept">
        insert into department(id,dept_name,description,address)
        values(#{id},#{deptName},#{description},#{address})
    </insert>

    <insert id="batchInsertDept" parameterType="com.fdzc.tfxfirstproject.entity.Dept">
        insert into department(id,dept_name,description,address)
        values
        <foreach collection="deptList" item="d" separator=",">
            (#{d.id},#{d.deptName},#{d.description},#{d.address})
        </foreach>
    </insert>

    <delete id="delete">
        delete from department where id=#{id}
    </delete>

    <delete id="batchDeleteDept">
        delete from department where id IN
        <foreach collection="ids" item="id" separator="," open="(" close=")">
            #{id}
        </foreach>
    </delete>

    <update id = "updateDept" parameterType="com.fdzc.tfxfirstproject.entity.Dept">
        update `department` set dept_name=#{deptName},description=#{description},address=#{address}
        where id=#{id}
    </update>

    <select id="findDept" resultType="com.fdzc.tfxfirstproject.entity.Dept" parameterType="integer">
        select * ,id as deptId from `department` where id = #{id}
    </select>

    <select id="findDeptAll" resultType="com.fdzc.tfxfirstproject.entity.Dept">
        select * from department
    </select>

    <select id="findUserDept" resultMap="deptMap">
        select
            d.id,dept_name,description,address,user_name,u.password,u.id as id,gender,birthday,dept_id
        from
            department d
                left join
            `user` u
            on
                d.id = u.dept_id
        where
            d.id=#{id};
    </select>
</mapper>